Team,POS,Player,Salary,ELIG,Total FPTS,Active FPTS,Year
"Munich Cowboys",RB,"Ezekiel Elliott RB • LAC",72,RB,117.0,114.0,2021
"Munich Cowboys",WR,"A.J. Brown WR • PHI",53,WR,66.0,42.0,2021
"Munich Cowboys",RB,"David Montgomery RB • DET",40,RB,75.0,50.0,2021
"Munich Cowboys",WR,"Calvin Ridley WR • TEN",56,WR,22.0,22.0,2021
"Munich Cowboys",TE,"T.J. Hockenson TE • MIN",11,TE,42.0,11.0,2021
"Munich Cowboys",RES,"Darrell Henderson Jr. RB •",18,RB,74.0,44.0,2021
"Munich Cowboys",RES,"Kyle Pitts TE • ATL",20,TE,43.0,25.0,2021
"Munich Cowboys",WR,"Marquise Brown WR • KC",3,WR,78.0,56.0,2021
"Munich Cowboys",RES,"Robbie Chosen WR • MIA",8,WR,40.0,18.0,2021
"Munich Cowboys",RES,"Tony Pollard RB • TEN",4,RB,51.0,0.0,2021
"Munich Cowboys",K,"Matt Gay K • WAS",1,K,155.0,49.0,2021
"Munich Cowboys",RES,"Trey Sermon RB • PIT",6,RB,11.0,0.0,2021
"Munich Cowboys",QB,"Jalen Hurts QB • PHI",1,QB,202.0,202.0,2021
"Munich Cowboys",DST,"Broncos DST • DEN",1,DST,76.0,4.0,2021
"Munich Cowboys",RES,"Darnell Mooney WR • ATL",1,WR,64.0,19.0,2021
"Munich Cowboys",RES,"Trey Lance QB • LAC",5,QB,47.0,0.0,2021
"DONORA DRAGONS",RB,"Christian McCaffrey RB • SF",101,RB,37.0,37.0,2021
"DONORA DRAGONS",RB,"Saquon Barkley RB • PHI",55,RB,52.0,36.0,2021
"DONORA DRAGONS",QB,"Dak Prescott QB • DAL",23,QB,234.0,234.0,2021
"DONORA DRAGONS",WR,"Amari Cooper WR • BUF",28,WR,78.0,77.0,2021
"DONORA DRAGONS",WR,"Diontae Johnson WR • CLE",12,WR,96.0,78.0,2021
"DONORA DRAGONS",RES,"Myles Gaskin RB • JAC",9,RB,62.0,9.0,2021
"DONORA DRAGONS",RES,"Javonte Williams RB • DAL",8,RB,79.0,46.0,2021
"DONORA DRAGONS",WR,"Brandon Aiyuk WR • SF",12,WR,56.0,5.0,2021
"DONORA DRAGONS",RES,"Jerry Jeudy WR • CLE",11,WR,14.0,3.0,2021
"DONORA DRAGONS",RES,"Ja'Marr Chase WR • CIN",8,WR,163.0,135.0,2021
"DONORA DRAGONS",RES,"Leonard Fournette RB •",4,RB,101.0,60.0,2021
"DONORA DRAGONS",RES,"Brandin Cooks WR • NO",4,WR,79.0,6.0,2021
"DONORA DRAGONS",K,"Jason Myers K • SEA",1,K,90.0,25.0,2021
"DONORA DRAGONS",DST,"Steelers DST • PIT",2,DST,77.0,3.0,2021
"DONORA DRAGONS",TE,"Tyler Higbee TE • LAR",4,TE,31.0,28.0,2021
"DONORA DRAGONS",RES,"Ryan Tannehill QB • TEN",18,QB,181.0,35.0,2021
"MASTERS OF DISASTER",TE,"Travis Kelce TE • KC",68,TE,113.0,97.0,2021
"MASTERS OF DISASTER",WR,"DK Metcalf WR • PIT",48,WR,106.0,106.0,2021
"MASTERS OF DISASTER",RB,"Kareem Hunt RB • KC",20,RB,48.0,38.0,2021
"MASTERS OF DISASTER",QB,"Lamar Jackson QB • BAL",35,QB,161.0,148.0,2021
"MASTERS OF DISASTER",RB,"J.K. Dobbins RB • LAC",39,RB,0.0,0.0,2021
"MASTERS OF DISASTER",RES,"D'Andre Swift RB • CHI",27,RB,74.0,73.0,2021
"MASTERS OF DISASTER",WR,"Julio Jones WR •",26,WR,15.0,0.0,2021
"MASTERS OF DISASTER",RES,"Raheem Mostert RB • LV",7,RB,0.0,0.0,2021
"MASTERS OF DISASTER",K,"Justin Tucker K • BAL",1,K,136.0,143.0,2021
"MASTERS OF DISASTER",WR,"Courtland Sutton WR • DEN",9,WR,38.0,35.0,2021
"MASTERS OF DISASTER",DST,"Commanders DST • WAS",1,DST,62.0,7.0,2021
"MASTERS OF DISASTER",RES,"Kenny Golladay WR •",3,WR,16.0,0.0,2021
"MASTERS OF DISASTER",RES,"DeVonta Smith WR • PHI",4,WR,62.0,42.0,2021
"MASTERS OF DISASTER",RES,"Joe Burrow QB • CIN",2,QB,285.0,86.0,2021
"MASTERS OF DISASTER",RES,"Corey Davis WR •",3,WR,41.0,15.0,2021
"MASTERS OF DISASTER",RES,"Ronald Jones RB •",1,RB,35.0,9.0,2021
"LEEDS UNITED",RB,"Aaron Jones RB • MIN",69,RB,104.0,97.0,2021
"LEEDS UNITED",WR,"Tyreek Hill WR • MIA",74,WR,112.0,103.0,2021
"LEEDS UNITED",QB,"Tom Brady QB •",21,QB,270.0,263.0,2021
"LEEDS UNITED",RB,"Mike Davis RB •",17,RB,39.0,2.0,2021
"LEEDS UNITED",RES,"James Robinson RB • NO",33,RB,78.0,2.0,2021
"LEEDS UNITED",WR,"Robert Woods WR • PIT",33,WR,51.0,51.0,2021
"LEEDS UNITED",RES,"Russell Wilson QB • NYG",14,QB,154.0,18.0,2021
"LEEDS UNITED",WR,"Chase Claypool WR • BUF",21,WR,33.0,16.0,2021
"LEEDS UNITED",K,"Tyler Bass K • BUF",1,K,128.0,137.0,2021
"LEEDS UNITED",DST,"Patriots DST • NE",1,DST,107.0,62.0,2021
"LEEDS UNITED",RES,"Michael Gallup WR • WAS",5,WR,27.0,1.0,2021
"LEEDS UNITED",TE,"Logan Thomas TE • SF",3,TE,23.0,15.0,2021
"LEEDS UNITED",RES,"Michael Pittman WR • IND",1,WR,68.0,32.0,2021
"LEEDS UNITED",RES,"Mecole Hardman WR • GB",3,WR,44.0,0.0,2021
"LEEDS UNITED",RES,"Phillip Lindsay RB •",1,RB,17.0,0.0,2021
"LEEDS UNITED",RES,"Irv Smith TE • HOU",2,TE,0.0,0.0,2021
"HOMERS HEROES",RB,"Dalvin Cook RB • DAL",99,RB,84.0,87.0,2021
"HOMERS HEROES",QB,"Josh Allen QB • BUF",53,QB,276.0,289.0,2021
"HOMERS HEROES",WR,"Davante Adams WR • LAR",88,WR,130.0,127.0,2021
"HOMERS HEROES",RB,"Antonio Gibson RB • NE",44,RB,93.0,73.0,2021
"HOMERS HEROES",RES,"Tua Tagovailoa QB • MIA",1,QB,124.0,11.0,2021
"HOMERS HEROES",RES,"Michael Carter RB • ARI",2,RB,51.0,12.0,2021
"HOMERS HEROES",DST,"Colts DST • IND",1,DST,97.0,13.0,2021
"HOMERS HEROES",WR,"Jarvis Landry WR •",3,WR,34.0,7.0,2021
"HOMERS HEROES",K,"Mason Crosby K •",1,K,127.0,1.0,2021
"HOMERS HEROES",WR,"Curtis Samuel WR • BUF",1,WR,1.0,0.0,2021
"HOMERS HEROES",RES,"Jaylen Waddle WR • MIA",2,WR,69.0,59.0,2021
"HOMERS HEROES",TE,"Rob Gronkowski TE •",1,TE,59.0,6.0,2021
"HOMERS HEROES",RES,"Noah Fant TE • SEA",1,TE,43.0,10.0,2021
"HOMERS HEROES",RES,"Laviska Shenault Jr. WR • BUF",1,WR,16.0,2.0,2021
"HOMERS HEROES",RES,"Marvin Jones WR •",1,WR,41.0,9.0,2021
"HOMERS HEROES",RES,"A.J. Green WR •",1,WR,49.0,4.0,2021
"ROCK STARS",RB,"Jonathan Taylor RB • IND",71,RB,208.0,208.0,2021
"ROCK STARS",RB,"Joe Mixon RB • HOU",49,RB,169.0,121.0,2021
"ROCK STARS",TE,"Darren Waller TE •",40,TE,35.0,35.0,2021
"ROCK STARS",QB,"Justin Herbert QB • LAC",13,QB,263.0,246.0,2021
"ROCK STARS",WR,"Terry McLaurin WR • WAS",38,WR,67.0,52.0,2021
"ROCK STARS",RES,"Matthew Stafford QB • LAR",1,QB,285.0,98.0,2021
"ROCK STARS",WR,"Mike Evans WR • TB",33,WR,108.0,108.0,2021
"ROCK STARS",RES,"Chase Edmonds RB • TB",16,RB,39.0,4.0,2021
"ROCK STARS",WR,"DJ Moore WR • CHI",22,WR,65.0,47.0,2021
"ROCK STARS",DST,"Rams DST • LAR",2,DST,91.0,54.0,2021
"ROCK STARS",RES,"David Johnson RB •",2,RB,13.0,1.0,2021
"ROCK STARS",K,"Younghoe Koo K • ATL",1,K,106.0,57.0,2021
"ROCK STARS",RES,"Antonio Brown WR • TB",7,WR,49.0,19.0,2021
"ROCK STARS",RES,"Sony Michel RB •",2,RB,56.0,21.0,2021
"ROCK STARS",RES,"Nelson Agholor WR • BAL",1,WR,30.0,0.0,2021
"ROCK STARS",RES,"Tre'Quan Smith WR • DET",1,WR,20.0,2.0,2021
"GENERALS",QB,"Patrick Mahomes QB • KC",52,QB,285.0,251.0,2021
"GENERALS",RB,"Alvin Kamara RB • NO",75,RB,96.0,6.0,2021
"GENERALS",RB,"Josh Jacobs RB • GB",51,RB,79.0,66.0,2021
"GENERALS",WR,"DeAndre Hopkins WR • BAL",51,WR,67.0,67.0,2021
"GENERALS",WR,"Tyler Lockett WR • TEN",27,WR,84.0,78.0,2021
"GENERALS",K,"Harrison Butker K • KC",4,K,135.0,39.0,2021
"GENERALS",RES,"Latavius Murray RB • BUF",4,RB,40.0,1.0,2021
"GENERALS",WR,"Michael Thomas WR • NO",6,WR,0.0,0.0,2021
"GENERALS",RES,"Melvin Gordon RB •",4,RB,100.0,12.0,2021
"GENERALS",TE,"Robert Tonyan TE • KC",10,TE,17.0,1.0,2021
"GENERALS",RES,"Marquez Callaway WR • TB",5,WR,59.0,1.0,2021
"GENERALS",DST,"Panthers DST • CAR",1,DST,75.0,1.0,2021
"GENERALS",RES,"Kenyan Drake RB •",2,RB,30.0,8.0,2021
"GENERALS",RES,"Kirk Cousins QB • ATL",1,QB,201.0,11.0,2021
"GENERALS",RES,"Henry Ruggs III WR •",6,WR,32.0,0.0,2021
"GENERALS",RES,"Alexander Mattison RB • MIA",1,RB,44.0,37.0,2021
"LA LOSERS",RB,"Najee Harris RB • LAC",59,RB,111.0,111.0,2021
"LA LOSERS",RB,"Austin Ekeler RB • WAS",51,RB,156.0,142.0,2021
"LA LOSERS",RES,"Miles Sanders RB • DAL",23,RB,31.0,24.0,2021
"LA LOSERS",WR,"Justin Jefferson WR • MIN",55,WR,113.0,107.0,2021
"LA LOSERS",WR,"Keenan Allen WR • CHI",40,WR,81.0,42.0,2021
"LA LOSERS",WR,"Odell Beckham Jr. WR • MIA",16,WR,61.0,0.0,2021
"LA LOSERS",RES,"CeeDee Lamb WR • DAL",31,WR,78.0,66.0,2021
"LA LOSERS",RES,"Deebo Samuel WR • WAS",7,WR,158.0,14.0,2021
"LA LOSERS",K,"Rodrigo Blankenship K •",5,K,40.0,40.0,2021
"LA LOSERS",QB,"Taysom Hill TE • NO",1,QB,70.0,0.0,2021
"LA LOSERS",RES,"Matt Ryan QB •",1,QB,149.0,59.0,2021
"LA LOSERS",RES,"Jason Sanders K • MIA",1,K,96.0,46.0,2021
"LA LOSERS",TE,"Jared Cook TE •",1,TE,43.0,29.0,2021
"LA LOSERS",DST,"Ravens DST • BAL",1,DST,62.0,31.0,2021
"LA LOSERS",RES,"Dallas Goedert TE • PHI",1,TE,54.0,31.0,2021
"LA LOSERS",RES,"J.D. McKissic RB •",1,RB,39.0,1.0,2021
"EGYPTIAN MAGICIANS",RB,"Nick Chubb RB • CLE",80,RB,109.0,111.0,2021
"EGYPTIAN MAGICIANS",TE,"George Kittle TE • SF",38,TE,81.0,72.0,2021
"EGYPTIAN MAGICIANS",RB,"Clyde Edwards-Helaire RB • NO",38,RB,60.0,28.0,2021
"EGYPTIAN MAGICIANS",QB,"Kyler Murray QB • ARI",42,QB,200.0,210.0,2021
"EGYPTIAN MAGICIANS",WR,"Adam Thielen WR • CAR",34,WR,85.0,85.0,2021
"EGYPTIAN MAGICIANS",WR,"Allen Robinson WR • DET",28,WR,16.0,8.0,2021
"EGYPTIAN MAGICIANS",WR,"Chris Godwin WR • TB",22,WR,77.0,48.0,2021
"EGYPTIAN MAGICIANS",DST,"Buccaneers DST • TB",1,DST,95.0,4.0,2021
"EGYPTIAN MAGICIANS",K,"Greg Zuerlein K • NYJ",1,K,131.0,16.0,2021
"EGYPTIAN MAGICIANS",RES,"Emmanuel Sanders WR •",1,WR,43.0,23.0,2021
"EGYPTIAN MAGICIANS",RES,"T.Y. Hilton WR •",2,WR,28.0,0.0,2021
"EGYPTIAN MAGICIANS",RES,"Tyler Boyd WR • TEN",4,WR,60.0,11.0,2021
"EGYPTIAN MAGICIANS",RES,"James Conner RB • ARI",1,RB,130.0,79.0,2021
"EGYPTIAN MAGICIANS",RES,"Zack Moss RB • CIN",1,RB,42.0,1.0,2021
"EGYPTIAN MAGICIANS",RES,"Will Fuller WR •",1,WR,2.0,0.0,2021
"EGYPTIAN MAGICIANS",RES,"Mike Williams WR • LAC",6,WR,94.0,10.0,2021
"KENTUCKY FOOTBALL CLUB",RB,"Derrick Henry RB • BAL",101,RB,120.0,112.0,2021
"KENTUCKY FOOTBALL CLUB",WR,"Stefon Diggs WR • NE",57,WR,93.0,9.0,2021
"KENTUCKY FOOTBALL CLUB",RB,"Chris Carson RB •",42,RB,27.0,23.0,2021
"KENTUCKY FOOTBALL CLUB",QB,"Aaron Rodgers QB • NYJ",24,QB,234.0,185.0,2021
"KENTUCKY FOOTBALL CLUB",WR,"DJ Chark WR • LAC",5,WR,18.0,0.0,2021
"KENTUCKY FOOTBALL CLUB",WR,"JuJu Smith-Schuster WR • KC",12,WR,10.0,1.0,2021
"KENTUCKY FOOTBALL CLUB",TE,"Mark Andrews TE • BAL",8,TE,105.0,3.0,2021
"KENTUCKY FOOTBALL CLUB",RES,"Cooper Kupp WR • SEA",14,WR,201.0,11.0,2021
"KENTUCKY FOOTBALL CLUB",RES,"Damien Harris RB • BUF",13,RB,124.0,17.0,2021
"KENTUCKY FOOTBALL CLUB",RES,"Tee Higgins WR • CIN",16,WR,105.0,78.0,2021
"KENTUCKY FOOTBALL CLUB",DST,"49ers DST • SF",3,DST,93.0,10.0,2021
"KENTUCKY FOOTBALL CLUB",K,"Ryan Succop K •",1,K,120.0,120.0,2021
"KENTUCKY FOOTBALL CLUB",RES,"Derek Carr QB • NO",1,QB,171.0,14.0,2021
"KENTUCKY FOOTBALL CLUB",RES,"Darrynton Evans RB • BUF",1,RB,0.0,0.0,2021
"KENTUCKY FOOTBALL CLUB",RES,"Mike Gesicki TE • CIN",1,TE,38.0,1.0,2021
"KENTUCKY FOOTBALL CLUB",RES,"Gus Edwards RB • LAC",1,RB,0.0,0.0,2021
"Munich Cowboys",RB,"Austin Ekeler RB • WAS",74,RB,171.0,156.0,2022
"Munich Cowboys",WR,"Justin Jefferson WR • MIN",77,WR,129.0,128.0,2022
"Munich Cowboys",RB,"Elijah Mitchell RB • KC",17,RB,30.0,1.0,2022
"Munich Cowboys",TE,"Kyle Pitts TE • ATL",26,TE,22.0,13.0,2022
"Munich Cowboys",QB,"Russell Wilson QB • NYG",9,QB,151.0,37.0,2022
"Munich Cowboys",WR,"DJ Moore WR • CHI",19,WR,75.0,30.0,2022
"Munich Cowboys",RES,"Clyde Edwards-Helaire RB • NO",6,RB,47.0,0.0,2022
"Munich Cowboys",DST,"Browns DST • CLE",2,DST,80.0,13.0,2022
"Munich Cowboys",WR,"Brandon Aiyuk WR • SF",7,WR,85.0,42.0,2022
"Munich Cowboys",RES,"Rhamondre Stevenson RB • NE",5,RB,83.0,44.0,2022
"Munich Cowboys",RES,"JuJu Smith-Schuster WR • KC",21,WR,56.0,17.0,2022
"Munich Cowboys",RES,"Dameon Pierce RB • HOU",14,RB,67.0,38.0,2022
"Munich Cowboys",RES,"Amon-Ra St. Brown WR • DET",20,WR,80.0,71.0,2022
"Munich Cowboys",K,"Daniel Carlson K • LV",1,K,148.0,66.0,2022
"Munich Cowboys",RES,"Trevor Lawrence QB • JAC",1,QB,243.0,25.0,2022
"Munich Cowboys",RES,"Darrell Henderson Jr. RB •",1,RB,26.0,7.0,2022
"DONORA DRAGONS",RB,"James Conner RB • ARI",52,RB,81.0,76.0,2022
"DONORA DRAGONS",RB,"Joe Mixon RB • HOU",68,RB,104.0,92.0,2022
"DONORA DRAGONS",QB,"Justin Herbert QB • LAC",38,QB,195.0,177.0,2022
"DONORA DRAGONS",WR,"Mike Evans WR • TB",52,WR,85.0,81.0,2022
"DONORA DRAGONS",WR,"A.J. Brown WR • PHI",38,WR,138.0,3.0,2022
"DONORA DRAGONS",WR,"Terry McLaurin WR • WAS",16,WR,77.0,70.0,2022
"DONORA DRAGONS",RES,"Allen Lazard WR • NYJ",22,WR,61.0,21.0,2022
"DONORA DRAGONS",RES,"George Pickens WR • DAL",2,WR,60.0,3.0,2022
"DONORA DRAGONS",RES,"Rashaad Penny RB •",2,RB,27.0,0.0,2022
"DONORA DRAGONS",DST,"Colts DST • IND",1,DST,83.0,3.0,2022
"DONORA DRAGONS",RES,"Chase Edmonds RB • TB",4,RB,26.0,0.0,2022
"DONORA DRAGONS",RES,"Matt Ryan QB •",1,QB,113.0,0.0,2022
"DONORA DRAGONS",TE,"Dawson Knox TE • BUF",1,TE,58.0,16.0,2022
"DONORA DRAGONS",K,"Matt Prater K • ARI",1,K,88.0,1.0,2022
"DONORA DRAGONS",RES,"Mark Ingram RB •",1,RB,13.0,0.0,2022
"DONORA DRAGONS",RES,"Jamaal Williams RB • NO",1,RB,144.0,49.0,2022
"MASTERS OF DISASTER",RB,"Nick Chubb RB • CLE",44,RB,145.0,135.0,2022
"MASTERS OF DISASTER",WR,"Cooper Kupp WR • SEA",77,WR,81.0,81.0,2022
"MASTERS OF DISASTER",WR,"DK Metcalf WR • PIT",19,WR,94.0,41.0,2022
"MASTERS OF DISASTER",WR,"Ja'Marr Chase WR • CIN",75,WR,120.0,91.0,2022
"MASTERS OF DISASTER",QB,"Joe Burrow QB • CIN",16,QB,309.0,251.0,2022
"MASTERS OF DISASTER",DST,"Bills DST • BUF",2,DST,104.0,74.0,2022
"MASTERS OF DISASTER",RB,"Kareem Hunt RB • KC",12,RB,35.0,20.0,2022
"MASTERS OF DISASTER",RES,"Kirk Cousins QB • ATL",2,QB,232.0,23.0,2022
"MASTERS OF DISASTER",RES,"David Montgomery RB • DET",9,RB,67.0,26.0,2022
"MASTERS OF DISASTER",TE,"Dallas Goedert TE • PHI",9,TE,50.0,36.0,2022
"MASTERS OF DISASTER",RES,"AJ Dillon RB • PHI",16,RB,67.0,4.0,2022
"MASTERS OF DISASTER",RES,"T.J. Hockenson TE • MIN",3,TE,77.0,35.0,2022
"MASTERS OF DISASTER",RES,"Elijah Moore WR • BUF",4,WR,17.0,0.0,2022
"MASTERS OF DISASTER",K,"Matt Gay K • WAS",2,K,122.0,30.0,2022
"MASTERS OF DISASTER",RES,"Christian Kirk WR • HOU",5,WR,102.0,59.0,2022
"MASTERS OF DISASTER",RES,"Kenneth Gainwell RB • PIT",5,RB,42.0,0.0,2022
"LEEDS UNITED",RB,"Najee Harris RB • LAC",62,RB,97.0,10.0,2022
"LEEDS UNITED",QB,"Tom Brady QB •",15,QB,215.0,35.0,2022
"LEEDS UNITED",WR,"CeeDee Lamb WR • DAL",54,WR,120.0,8.0,2022
"LEEDS UNITED",RB,"Josh Jacobs RB • GB",25,RB,145.0,122.0,2022
"LEEDS UNITED",RES,"J.K. Dobbins RB • LAC",32,RB,45.0,2.0,2022
"LEEDS UNITED",WR,"Mike Williams WR • LAC",34,WR,57.0,45.0,2022
"LEEDS UNITED",WR,"Gabe Davis WR • JAC",22,WR,84.0,21.0,2022
"LEEDS UNITED",RES,"Marquise Brown WR • KC",26,WR,41.0,13.0,2022
"LEEDS UNITED",RES,"Allen Robinson WR • DET",22,WR,26.0,0.0,2022
"LEEDS UNITED",DST,"Steelers DST • PIT",2,DST,73.0,1.0,2022
"LEEDS UNITED",TE,"Zach Ertz TE • WAS",1,TE,38.0,38.0,2022
"LEEDS UNITED",RES,"Tua Tagovailoa QB • MIA",1,QB,178.0,131.0,2022
"LEEDS UNITED",RES,"David Njoku TE • CLE",1,TE,42.0,16.0,2022
"LEEDS UNITED",K,"Younghoe Koo K • ATL",1,K,136.0,27.0,2022
"LEEDS UNITED",RES,"James Robinson RB • NO",1,RB,46.0,13.0,2022
"LEEDS UNITED",RES,"Jameis Winston QB • NYG",1,QB,32.0,0.0,2022
"HOMERS HEROES",RB,"Dalvin Cook RB • DAL",68,RB,113.0,107.0,2022
"HOMERS HEROES",RB,"Aaron Jones RB • MIN",41,RB,93.0,19.0,2022
"HOMERS HEROES",RES,"Christian McCaffrey RB • SF",79,RB,173.0,138.0,2022
"HOMERS HEROES",QB,"Kyler Murray QB • ARI",23,QB,136.0,136.0,2022
"HOMERS HEROES",WR,"Davante Adams WR • LAR",54,WR,154.0,152.0,2022
"HOMERS HEROES",TE,"Dalton Schultz TE • HOU",6,TE,68.0,43.0,2022
"HOMERS HEROES",WR,"Robert Woods WR • PIT",2,WR,26.0,1.0,2022
"HOMERS HEROES",WR,"Darnell Mooney WR • ATL",4,WR,27.0,9.0,2022
"HOMERS HEROES",DST,"Rams DST • LAR",1,DST,68.0,4.0,2022
"HOMERS HEROES",RES,"Trey Lance QB • LAC",4,QB,4.0,0.0,2022
"HOMERS HEROES",K,"Ryan Succop K •",1,K,119.0,81.0,2022
"HOMERS HEROES",RES,"Marquez Valdes-Scantling WR • SEA",4,WR,50.0,0.0,2022
"HOMERS HEROES",RES,"Tyler Allgeier RB • ATL",1,RB,65.0,20.0,2022
"HOMERS HEROES",RES,"Russell Gage WR • SF",1,WR,42.0,0.0,2022
"HOMERS HEROES",RES,"Chase Claypool WR • BUF",1,WR,24.0,1.0,2022
"HOMERS HEROES",RES,"Michael Carter RB • ARI",1,RB,32.0,0.0,2022
"ROCK STARS",RB,"Jonathan Taylor RB • IND",98,RB,59.0,59.0,2022
"ROCK STARS",TE,"Mark Andrews TE • BAL",50,TE,66.0,62.0,2022
"ROCK STARS",WR,"Stefon Diggs WR • NE",56,WR,134.0,115.0,2022
"ROCK STARS",QB,"Jalen Hurts QB • PHI",22,QB,322.0,233.0,2022
"ROCK STARS",RB,"Devin Singletary RB • NYG",6,RB,67.0,28.0,2022
"ROCK STARS",RES,"Breece Hall RB • NYJ",14,RB,55.0,35.0,2022
"ROCK STARS",RES,"Matthew Stafford QB • LAR",2,QB,90.0,17.0,2022
"ROCK STARS",WR,"Diontae Johnson WR • CLE",18,WR,31.0,28.0,2022
"ROCK STARS",WR,"Brandin Cooks WR • NO",19,WR,40.0,19.0,2022
"ROCK STARS",RES,"Antonio Gibson RB • NE",4,RB,50.0,28.0,2022
"ROCK STARS",DST,"Buccaneers DST • TB",1,DST,81.0,64.0,2022
"ROCK STARS",K,"Evan McPherson K • CIN",2,K,138.0,88.0,2022
"ROCK STARS",RES,"Marvin Jones WR •",3,WR,40.0,0.0,2022
"ROCK STARS",RES,"Julio Jones WR •",1,WR,28.0,0.0,2022
"ROCK STARS",RES,"Pat Freiermuth TE • PIT",2,TE,36.0,4.0,2022
"ROCK STARS",RES,"Kenneth Walker III RB • SEA",1,RB,109.0,5.0,2022
"GENERALS",QB,"Josh Allen QB • BUF",59,QB,323.0,293.0,2022
"GENERALS",RB,"Alvin Kamara RB • NO",55,RB,68.0,49.0,2022
"GENERALS",RB,"Ezekiel Elliott RB • LAC",40,RB,104.0,80.0,2022
"GENERALS",WR,"Adam Thielen WR • CAR",35,WR,61.0,39.0,2022
"GENERALS",K,"Tyler Bass K • BUF",2,K,145.0,117.0,2022
"GENERALS",RES,"Tony Pollard RB • TEN",12,RB,128.0,104.0,2022
"GENERALS",TE,"George Kittle TE • SF",10,TE,98.0,78.0,2022
"GENERALS",WR,"Jerry Jeudy WR • CLE",22,WR,75.0,24.0,2022
"GENERALS",WR,"DeVonta Smith WR • PHI",15,WR,103.0,84.0,2022
"GENERALS",RES,"Drake London WR • ATL",3,WR,52.0,8.0,2022
"GENERALS",RES,"Tyler Lockett WR • TEN",6,WR,94.0,76.0,2022
"GENERALS",RES,"Chris Olave WR • NO",6,WR,66.0,37.0,2022
"GENERALS",DST,"Saints DST • NO",2,DST,82.0,4.0,2022
"GENERALS",RES,"Michael Gallup WR • WAS",2,WR,40.0,2.0,2022
"GENERALS",RES,"Tyler Boyd WR • TEN",3,WR,63.0,24.0,2022
"GENERALS",RES,"Alexander Mattison RB • MIA",8,RB,42.0,0.0,2022
"LA LOSERS",QB,"Patrick Mahomes QB • KC",42,QB,344.0,8.0,2022
"LA LOSERS",RB,"Leonard Fournette RB •",41,RB,71.0,41.0,2022
"LA LOSERS",RB,"Saquon Barkley RB • PHI",56,RB,135.0,117.0,2022
"LA LOSERS",RES,"Cordarrelle Patterson RB • PIT",10,RB,78.0,33.0,2022
"LA LOSERS",WR,"Tee Higgins WR • CIN",40,WR,98.0,67.0,2022
"LA LOSERS",WR,"Jaylen Waddle WR • MIA",25,WR,107.0,95.0,2022
"LA LOSERS",WR,"Keenan Allen WR • CHI",30,WR,53.0,27.0,2022
"LA LOSERS",RES,"Travis Etienne RB • JAC",30,RB,95.0,45.0,2022
"LA LOSERS",RES,"Hunter Renfrow WR • CAR",19,WR,21.0,2.0,2022
"LA LOSERS",DST,"Cowboys DST • DAL",1,DST,118.0,4.0,2022
"LA LOSERS",K,"Rodrigo Blankenship K •",1,K,17.0,8.0,2022
"LA LOSERS",TE,"Mike Gesicki TE • CIN",1,TE,44.0,0.0,2022
"LA LOSERS",RES,"Ryan Tannehill QB • TEN",1,QB,112.0,0.0,2022
"LA LOSERS",RES,"Donovan Peoples-Jones WR • NO",1,WR,50.0,20.0,2022
"LA LOSERS",RES,"Josh Palmer WR • BUF",1,WR,49.0,21.0,2022
"LA LOSERS",RES,"Cole Kmet TE • CHI",1,TE,59.0,29.0,2022
"EGYPTIAN MAGICIANS",RB,"Javonte Williams RB • DAL",43,RB,9.0,9.0,2022
"EGYPTIAN MAGICIANS",RB,"Derrick Henry RB • BAL",78,RB,160.0,5.0,2022
"EGYPTIAN MAGICIANS",WR,"Deebo Samuel WR • WAS",65,WR,73.0,56.0,2022
"EGYPTIAN MAGICIANS",QB,"Dak Prescott QB • DAL",9,QB,187.0,146.0,2022
"EGYPTIAN MAGICIANS",RES,"Melvin Gordon RB •",7,RB,25.0,3.0,2022
"EGYPTIAN MAGICIANS",WR,"Michael Pittman WR • IND",35,WR,57.0,47.0,2022
"EGYPTIAN MAGICIANS",TE,"Darren Waller TE •",13,TE,29.0,1.0,2022
"EGYPTIAN MAGICIANS",DST,"Packers DST • GB",1,DST,79.0,6.0,2022
"EGYPTIAN MAGICIANS",WR,"Chris Godwin WR • TB",11,WR,59.0,46.0,2022
"EGYPTIAN MAGICIANS",RES,"Kadarius Toney WR • CLE",3,WR,31.0,0.0,2022
"EGYPTIAN MAGICIANS",K,"Harrison Butker K • KC",2,K,125.0,88.0,2022
"EGYPTIAN MAGICIANS",RES,"Brian Robinson Jr. RB • WAS",1,RB,44.0,11.0,2022
"EGYPTIAN MAGICIANS",RES,"DeAndre Hopkins WR • BAL",11,WR,45.0,27.0,2022
"EGYPTIAN MAGICIANS",RES,"Rashod Bateman WR • BAL",10,WR,26.0,25.0,2022
"EGYPTIAN MAGICIANS",RES,"Rondale Moore WR • MIN",3,WR,18.0,7.0,2022
"EGYPTIAN MAGICIANS",RES,"Treylon Burks WR • TEN",8,WR,31.0,1.0,2022
"KENTUCKY FOOTBALL CLUB",TE,"Travis Kelce TE • KC",52,TE,159.0,125.0,2022
"KENTUCKY FOOTBALL CLUB",QB,"Lamar Jackson QB • BAL",28,QB,155.0,145.0,2022
"KENTUCKY FOOTBALL CLUB",RB,"D'Andre Swift RB • CHI",48,RB,75.0,35.0,2022
"KENTUCKY FOOTBALL CLUB",RES,"Aaron Rodgers QB • NYJ",8,QB,174.0,21.0,2022
"KENTUCKY FOOTBALL CLUB",WR,"Tyreek Hill WR • MIA",51,WR,138.0,134.0,2022
"KENTUCKY FOOTBALL CLUB",WR,"Michael Thomas WR • NO",13,WR,23.0,23.0,2022
"KENTUCKY FOOTBALL CLUB",RB,"Cam Akers RB • MIN",28,RB,71.0,10.0,2022
"KENTUCKY FOOTBALL CLUB",RES,"Derek Carr QB • NO",1,QB,168.0,15.0,2022
"KENTUCKY FOOTBALL CLUB",K,"Justin Tucker K • BAL",5,K,156.0,151.0,2022
"KENTUCKY FOOTBALL CLUB",RES,"Damien Harris RB • BUF",16,RB,31.0,14.0,2022
"KENTUCKY FOOTBALL CLUB",WR,"Courtland Sutton WR • DEN",22,WR,38.0,10.0,2022
"KENTUCKY FOOTBALL CLUB",RES,"Irv Smith TE • HOU",2,TE,22.0,1.0,2022
"KENTUCKY FOOTBALL CLUB",RES,"Amari Cooper WR • BUF",10,WR,100.0,78.0,2022
"KENTUCKY FOOTBALL CLUB",RES,"Miles Sanders RB • DAL",6,RB,128.0,83.0,2022
"KENTUCKY FOOTBALL CLUB",DST,"49ers DST • SF",2,DST,123.0,104.0,2022
"KENTUCKY FOOTBALL CLUB",RES,"DeVante Parker WR •",1,WR,35.0,0.0,2022
"Munich Cowboys",RB,"Nick Chubb RB • CLE",84,RB,7.0,7.0,2023
"Munich Cowboys",QB,"Justin Fields QB • NYJ",25,QB,149.0,122.0,2023
"Munich Cowboys",WR,"CeeDee Lamb WR • DAL",63,WR,166.0,146.0,2023
"Munich Cowboys",RB,"Rhamondre Stevenson RB • NE",27,RB,50.0,39.0,2023
"Munich Cowboys",WR,"Chris Olave WR • NO",50,WR,74.0,66.0,2023
"Munich Cowboys",RES,"Isiah Pacheco RB • KC",4,RB,125.0,66.0,2023
"Munich Cowboys",WR,"Tyler Lockett WR • TEN",10,WR,62.0,19.0,2023
"Munich Cowboys",RES,"Geno Smith QB • LV",2,QB,155.0,46.0,2023
"Munich Cowboys",RES,"Rachaad White RB • TB",4,RB,114.0,9.0,2023
"Munich Cowboys",TE,"Kyle Pitts TE • ATL",9,TE,36.0,7.0,2023
"Munich Cowboys",RES,"Javonte Williams RB • DAL",9,RB,61.0,19.0,2023
"Munich Cowboys",RES,"Brandin Cooks WR • NO",2,WR,69.0,19.0,2023
"Munich Cowboys",RES,"Zay Flowers WR • BAL",7,WR,81.0,25.0,2023
"Munich Cowboys",RES,"Chigoziem Okonkwo TE • TEN",2,TE,20.0,0.0,2023
"Munich Cowboys",K,"Cameron Dicker K • LAC",1,K,135.0,49.0,2023
"Munich Cowboys",DST,"Saints DST • NO",1,DST,100.0,56.0,2023
"DONORA DRAGONS",QB,"Patrick Mahomes QB • KC",60,QB,240.0,194.0,2023
"DONORA DRAGONS",RB,"Najee Harris RB • LAC",32,RB,86.0,19.0,2023
"DONORA DRAGONS",RB,"Jonathan Taylor RB • IND",53,RB,76.0,60.0,2023
"DONORA DRAGONS",WR,"Garrett Wilson WR • NYJ",42,WR,58.0,54.0,2023
"DONORA DRAGONS",WR,"Amon-Ra St. Brown WR • DET",54,WR,141.0,110.0,2023
"DONORA DRAGONS",WR,"Amari Cooper WR • BUF",28,WR,87.0,72.0,2023
"DONORA DRAGONS",DST,"Cowboys DST • DAL",2,DST,129.0,114.0,2023
"DONORA DRAGONS",RES,"James Cook RB • BUF",8,RB,90.0,60.0,2023
"DONORA DRAGONS",K,"Tyler Bass K • BUF",2,K,138.0,22.0,2023
"DONORA DRAGONS",RES,"Marquise Brown WR • KC",5,WR,42.0,13.0,2023
"DONORA DRAGONS",RES,"Antonio Gibson RB • NE",3,RB,29.0,0.0,2023
"DONORA DRAGONS",TE,"Dalton Schultz TE • HOU",1,TE,58.0,12.0,2023
"DONORA DRAGONS",RES,"Ezekiel Elliott RB • LAC",2,RB,55.0,16.0,2023
"DONORA DRAGONS",RES,"Kenny Pickett QB • CLE",1,QB,64.0,0.0,2023
"DONORA DRAGONS",RES,"Rashod Bateman WR • BAL",3,WR,15.0,0.0,2023
"DONORA DRAGONS",RES,"Jaylen Warren RB • PIT",4,RB,61.0,3.0,2023
"MASTERS OF DISASTER",TE,"Travis Kelce TE • KC",80,TE,95.0,64.0,2023
"MASTERS OF DISASTER",WR,"Justin Jefferson WR • MIN",84,WR,76.0,62.0,2023
"MASTERS OF DISASTER",WR,"Ja'Marr Chase WR • CIN",81,WR,93.0,92.0,2023
"MASTERS OF DISASTER",RB,"J.K. Dobbins RB • LAC",17,RB,6.0,6.0,2023
"MASTERS OF DISASTER",QB,"Deshaun Watson QB • CLE",3,QB,60.0,0.0,2023
"MASTERS OF DISASTER",K,"Evan McPherson K • CIN",1,K,125.0,9.0,2023
"MASTERS OF DISASTER",WR,"Drake London WR • ATL",7,WR,46.0,13.0,2023
"MASTERS OF DISASTER",RB,"Brian Robinson Jr. RB • WAS",5,RB,91.0,68.0,2023
"MASTERS OF DISASTER",RES,"Dak Prescott QB • DAL",1,QB,272.0,207.0,2023
"MASTERS OF DISASTER",RES,"Mike Williams WR • LAC",9,WR,17.0,17.0,2023
"MASTERS OF DISASTER",RES,"Khalil Herbert RB • IND",3,RB,44.0,7.0,2023
"MASTERS OF DISASTER",DST,"Seahawks DST • SEA",2,DST,87.0,6.0,2023
"MASTERS OF DISASTER",RES,"Evan Engram TE • DEN",4,TE,54.0,1.0,2023
"MASTERS OF DISASTER",RES,"Elijah Moore WR • BUF",1,WR,28.0,0.0,2023
"MASTERS OF DISASTER",RES,"Samaje Perine RB • CIN",1,RB,19.0,0.0,2023
"MASTERS OF DISASTER",RES,"Damien Harris RB • BUF",1,RB,8.0,0.0,2023
"LEEDS UNITED",RB,"Josh Jacobs RB • GB",62,RB,72.0,72.0,2023
"LEEDS UNITED",RB,"Tony Pollard RB • TEN",75,RB,86.0,69.0,2023
"LEEDS UNITED",WR,"Stefon Diggs WR • NE",67,WR,98.0,93.0,2023
"LEEDS UNITED",QB,"Kirk Cousins QB • ATL",9,QB,120.0,0.0,2023
"LEEDS UNITED",WR,"Christian Watson WR • GB",22,WR,42.0,18.0,2023
"LEEDS UNITED",RES,"Jared Goff QB • DET",1,QB,252.0,14.0,2023
"LEEDS UNITED",WR,"Christian Kirk WR • HOU",19,WR,48.0,12.0,2023
"LEEDS UNITED",DST,"Ravens DST • BAL",3,DST,131.0,9.0,2023
"LEEDS UNITED",RES,"James Conner RB • ARI",7,RB,98.0,35.0,2023
"LEEDS UNITED",TE,"Pat Freiermuth TE • PIT",6,TE,25.0,10.0,2023
"LEEDS UNITED",RES,"Tua Tagovailoa QB • MIA",5,QB,221.0,187.0,2023
"LEEDS UNITED",RES,"Jordan Addison WR • MIN",5,WR,98.0,30.0,2023
"LEEDS UNITED",RES,"Brandon Aiyuk WR • SF",11,WR,109.0,80.0,2023
"LEEDS UNITED",RES,"Diontae Johnson WR • CLE",6,WR,62.0,22.0,2023
"LEEDS UNITED",K,"Jake Elliott K • PHI",1,K,145.0,85.0,2023
"LEEDS UNITED",RES,"Quentin Johnston WR • LAC",1,WR,22.0,0.0,2023
"HOMERS HEROES",RB,"Austin Ekeler RB • WAS",81,RB,65.0,64.0,2023
"HOMERS HEROES",WR,"Davante Adams WR • LAR",61,WR,92.0,85.0,2023
"HOMERS HEROES",QB,"Joe Burrow QB • CIN",32,QB,103.0,55.0,2023
"HOMERS HEROES",RB,"Jahmyr Gibbs RB • DET",26,RB,131.0,58.0,2023
"HOMERS HEROES",WR,"Tee Higgins WR • CIN",37,WR,53.0,20.0,2023
"HOMERS HEROES",TE,"Darren Waller TE •",29,TE,22.0,17.0,2023
"HOMERS HEROES",WR,"Jahan Dotson WR • PHI",13,WR,38.0,7.0,2023
"HOMERS HEROES",RES,"George Pickens WR • DAL",10,WR,84.0,34.0,2023
"HOMERS HEROES",RES,"Kadarius Toney WR • CLE",2,WR,9.0,0.0,2023
"HOMERS HEROES",DST,"Patriots DST • NE",1,DST,78.0,2.0,2023
"HOMERS HEROES",RES,"Daniel Jones QB • IND",1,QB,32.0,0.0,2023
"HOMERS HEROES",K,"Greg Joseph K • SF",1,K,112.0,5.0,2023
"HOMERS HEROES",RES,"Roschon Johnson RB • CHI",1,RB,21.0,0.0,2023
"HOMERS HEROES",RES,"Michael Gallup WR • WAS",1,WR,28.0,0.0,2023
"HOMERS HEROES",RES,"Zach Charbonnet RB • SEA",2,RB,20.0,10.0,2023
"HOMERS HEROES",RES,"Zay Jones WR • ARI",1,WR,21.0,0.0,2023
"ROCK STARS",RB,"Bijan Robinson RB • ATL",79,RB,100.0,86.0,2023
"ROCK STARS",WR,"Cooper Kupp WR • SEA",71,WR,62.0,61.0,2023
"ROCK STARS",TE,"Mark Andrews TE • BAL",36,TE,52.0,45.0,2023
"ROCK STARS",RB,"Kenneth Walker III RB • SEA",24,RB,93.0,82.0,2023
"ROCK STARS",QB,"Justin Herbert QB • LAC",30,QB,157.0,140.0,2023
"ROCK STARS",RES,"Aaron Jones RB • MIN",22,RB,77.0,5.0,2023
"ROCK STARS",WR,"Keenan Allen WR • CHI",20,WR,98.0,98.0,2023
"ROCK STARS",WR,"Chris Godwin WR • TB",9,WR,68.0,35.0,2023
"ROCK STARS",RES,"Michael Pittman WR • IND",2,WR,72.0,45.0,2023
"ROCK STARS",RES,"Isaiah Hodgins WR • SF",1,WR,20.0,7.0,2023
"ROCK STARS",DST,"Chiefs DST • KC",1,DST,112.0,13.0,2023
"ROCK STARS",RES,"Derek Carr QB • NO",1,QB,172.0,0.0,2023
"ROCK STARS",K,"Brandon McManus K • GB",1,K,130.0,7.0,2023
"ROCK STARS",RES,"Jerick McKinnon RB • KC",1,RB,34.0,0.0,2023
"ROCK STARS",RES,"Tyler Allgeier RB • ATL",1,RB,58.0,2.0,2023
"ROCK STARS",RES,"Tyler Boyd WR • TEN",1,WR,32.0,1.0,2023
"GENERALS",QB,"Josh Allen QB • BUF",76,QB,344.0,282.0,2023
"GENERALS",RB,"Alvin Kamara RB • NO",15,RB,78.0,75.0,2023
"GENERALS",TE,"George Kittle TE • SF",20,TE,87.0,77.0,2023
"GENERALS",K,"Harrison Butker K • KC",3,K,185.0,22.0,2023
"GENERALS",RB,"Alexander Mattison RB • MIA",20,RB,42.0,8.0,2023
"GENERALS",WR,"Deebo Samuel WR • WAS",25,WR,118.0,111.0,2023
"GENERALS",RES,"Travis Etienne RB • JAC",25,RB,129.0,68.0,2023
"GENERALS",WR,"Jaylen Waddle WR • MIA",54,WR,65.0,45.0,2023
"GENERALS",WR,"DeVonta Smith WR • PHI",47,WR,87.0,81.0,2023
"GENERALS",DST,"Commanders DST • WAS",2,DST,59.0,10.0,2023
"GENERALS",RES,"Skyy Moore WR • KC",3,WR,11.0,0.0,2023
"GENERALS",RES,"Juwan Johnson TE • NO",2,TE,33.0,0.0,2023
"GENERALS",RES,"Treylon Burks WR • TEN",1,WR,6.0,0.0,2023
"GENERALS",RES,"Courtland Sutton WR • DEN",1,WR,89.0,10.0,2023
"GENERALS",RES,"Jamaal Williams RB • NO",3,RB,13.0,0.0,2023
"GENERALS",RES,"Brock Purdy QB • SF",3,QB,256.0,19.0,2023
"LA LOSERS",QB,"Jalen Hurts QB • PHI",65,QB,276.0,267.0,2023
"LA LOSERS",WR,"A.J. Brown WR • PHI",61,WR,104.0,104.0,2023
"LA LOSERS",RB,"Christian McCaffrey RB • SF",88,RB,248.0,204.0,2023
"LA LOSERS",RB,"Joe Mixon RB • HOU",55,RB,113.0,29.0,2023
"LA LOSERS",K,"Brandon Aubrey K • DAL",1,K,171.0,113.0,2023
"LA LOSERS",DST,"Eagles DST • PHI",1,DST,85.0,54.0,2023
"LA LOSERS",WR,"Odell Beckham Jr. WR • MIA",9,WR,39.0,1.0,2023
"LA LOSERS",RES,"Younghoe Koo K • ATL",2,K,126.0,73.0,2023
"LA LOSERS",WR,"Jerry Jeudy WR • CLE",5,WR,37.0,3.0,2023
"LA LOSERS",TE,"David Njoku TE • CLE",3,TE,68.0,24.0,2023
"LA LOSERS",RES,"Elijah Mitchell RB • KC",3,RB,25.0,0.0,2023
"LA LOSERS",RES,"Jaxon Smith-Njigba WR • SEA",3,WR,41.0,14.0,2023
"LA LOSERS",RES,"Richie James WR • KC",1,WR,2.0,0.0,2023
"LA LOSERS",RES,"Jameson Williams WR • DET",1,WR,46.0,10.0,2023
"LA LOSERS",RES,"Romeo Doubs WR • GB",1,WR,85.0,56.0,2023
"LA LOSERS",RES,"Raheem Mostert RB • LV",1,RB,165.0,123.0,2023
"EGYPTIAN MAGICIANS",WR,"Tyreek Hill WR • MIA",80,WR,173.0,154.0,2023
"EGYPTIAN MAGICIANS",WR,"Calvin Ridley WR • TEN",31,WR,90.0,39.0,2023
"EGYPTIAN MAGICIANS",RB,"Dameon Pierce RB • HOU",16,RB,31.0,5.0,2023
"EGYPTIAN MAGICIANS",QB,"Trevor Lawrence QB • JAC",16,QB,196.0,89.0,2023
"EGYPTIAN MAGICIANS",DST,"49ers DST • SF",2,DST,108.0,35.0,2023
"EGYPTIAN MAGICIANS",WR,"DK Metcalf WR • PIT",28,WR,91.0,55.0,2023
"EGYPTIAN MAGICIANS",RB,"Breece Hall RB • NYJ",19,RB,114.0,88.0,2023
"EGYPTIAN MAGICIANS",TE,"T.J. Hockenson TE • MIN",24,TE,64.0,64.0,2023
"EGYPTIAN MAGICIANS",RES,"Dalvin Cook RB • DAL",11,RB,4.0,0.0,2023
"EGYPTIAN MAGICIANS",RES,"Cam Akers RB • MIN",15,RB,17.0,7.0,2023
"EGYPTIAN MAGICIANS",RES,"Gabe Davis WR • JAC",9,WR,74.0,0.0,2023
"EGYPTIAN MAGICIANS",RES,"Mike Evans WR • TB",10,WR,138.0,103.0,2023
"EGYPTIAN MAGICIANS",RES,"AJ Dillon RB • PHI",7,RB,35.0,3.0,2023
"EGYPTIAN MAGICIANS",RES,"D'Andre Swift RB • CHI",7,RB,79.0,76.0,2023
"EGYPTIAN MAGICIANS",RES,"Terry McLaurin WR • WAS",13,WR,70.0,12.0,2023
"EGYPTIAN MAGICIANS",K,"Daniel Carlson K • LV",12,K,111.0,5.0,2023
"KENTUCKY FOOTBALL CLUB",WR,"DJ Moore WR • CHI",25,WR,109.0,107.0,2023
"KENTUCKY FOOTBALL CLUB",RB,"Saquon Barkley RB • PHI",76,RB,101.0,36.0,2023
"KENTUCKY FOOTBALL CLUB",QB,"Lamar Jackson QB • BAL",49,QB,257.0,219.0,2023
"KENTUCKY FOOTBALL CLUB",RB,"Derrick Henry RB • BAL",74,RB,126.0,98.0,2023
"KENTUCKY FOOTBALL CLUB",TE,"Dallas Goedert TE • PHI",15,TE,43.0,11.0,2023
"KENTUCKY FOOTBALL CLUB",K,"Justin Tucker K • BAL",3,K,163.0,144.0,2023
"KENTUCKY FOOTBALL CLUB",WR,"DeAndre Hopkins WR • BAL",11,WR,83.0,48.0,2023
"KENTUCKY FOOTBALL CLUB",RES,"Aaron Rodgers QB • NYJ",2,QB,0.0,0.0,2023
"KENTUCKY FOOTBALL CLUB",WR,"Michael Thomas WR • NO",9,WR,20.0,8.0,2023
"KENTUCKY FOOTBALL CLUB",RES,"Adam Thielen WR • CAR",6,WR,61.0,4.0,2023
"KENTUCKY FOOTBALL CLUB",RES,"David Montgomery RB • DET",8,RB,138.0,63.0,2023
"KENTUCKY FOOTBALL CLUB",RES,"Rashaad Penny RB •",3,RB,1.0,0.0,2023
"KENTUCKY FOOTBALL CLUB",RES,"Miles Sanders RB • DAL",13,RB,18.0,0.0,2023
"KENTUCKY FOOTBALL CLUB",RES,"JuJu Smith-Schuster WR • KC",3,WR,13.0,0.0,2023
"KENTUCKY FOOTBALL CLUB",DST,"Jets DST • NYJ",1,DST,118.0,19.0,2023
"KENTUCKY FOOTBALL CLUB",RES,"Dalton Kincaid TE • BUF",1,TE,42.0,0.0,2023